catalog_id,name,biopsy_id,sample_id,sample_lookup_name,source_group,model1_rank,model1_score,model1_evidence,model1_mature_date,model1_immature_date,model1_older_than_count,model1_younger_than_count,model1_basis,model2_rank,model2_score,model2_evidence,model2_mature_date,model2_immature_date,model2_older_than_count,model2_younger_than_count,model2_basis,model3_rank,model3_score,model3_evidence,model3_mature_date,model3_immature_date,model3_older_than_count,model3_younger_than_count,model3_basis,model3_birth_year_anchor_date,model3_immature_plus_15_mature_date,model3_last_evidence_date,rank_change_model1_to_model2,movement_model1_to_model2,rank_change_model2_to_model3,movement_model2_to_model3,rank_change_model1_to_model3,movement_model1_to_model3,current_view_rank,rank_note
934,Big Bertha,1006,BI105,Big Bertha,MPRF,1,9,mature,2007-01-01,,9,0,>15 years MPRF resight history,1,59,mature,1992-01-01,,59,0,MPRF provided age class mature; >15 years MPRF resight history,1,59,mature,1992-01-01,,59,0,MPRF provided age class mature; >15 years MPRF resight history,,,2025-01-01,0,No rank change,0,No rank change,0,No rank change,1,
1009,Hook,1028,BI127,Hook,MPRF,1,9,mature,2007-01-01,,9,0,>15 years MPRF resight history,2,53,mature_and_immature,2007-01-01,1992-01-01,53,0,MPRF provided age class immature; >15 years MPRF resight history,2,53,mature_and_immature,2007-01-01,1992-01-01,53,0,MPRF provided age class immature; immature / immature anchor + 15 years mature date; >15 years MPRF resight history,,2007-01-01,2025-01-01,-1,Moved younger/lower,0,No rank change,-1,Moved younger/lower,1,
1195,Takahashi Ray,1037,BI136,Takahashi,MPRF,9,0,mature,2023-06-21,,0,0,>15 years MPRF resight history,3,50,mature,2008-06-21,,50,0,MPRF provided age class mature; >15 years MPRF resight history,3,50,mature,2008-06-21,,50,0,MPRF provided age class mature; >15 years MPRF resight history,,,2024-06-21,6,Moved older/higher,0,No rank change,6,Moved older/higher,16,
1178,Scar,1059,BI158,Scar,MPRF,1,9,mature,2010-10-08,,9,0,>15 years MPRF resight history,4,45,mature,2010-10-08,,45,0,>15 years MPRF resight history,4,45,mature,2010-10-08,,45,0,>15 years MPRF resight history,,,2023-10-08,-3,Moved younger/lower,0,No rank change,-3,Moved younger/lower,3,
694,Maluhia MP24 Cat67,77,BI_K05,Maluhia,HAMER,4,5,mature,2010-12-12,,5,0,HAMER biopsy-linked age class,5,41,mature,2010-12-12,,41,0,HAMER biopsy-linked age class mature,5,41,mature,2010-12-12,,41,0,HAMER biopsy-linked age class mature,,,2017-04-21,-1,Moved younger/lower,0,No rank change,-1,Moved younger/lower,12,
688,Zach a ray MP87 Cat62,76,BI_K02,Zach-a-ray,HAMER,4,5,mature,2010-12-12,,5,0,HAMER biopsy-linked age class,5,41,mature,2010-12-12,,41,0,HAMER biopsy-linked age class mature,5,41,mature,2010-12-12,,41,0,HAMER biopsy-linked age class mature,,,2022-11-01,-1,Moved younger/lower,0,No rank change,-1,Moved younger/lower,29,
1204,Tim,1038,BI137,Tim,MPRF,9,0,none,,,0,0,,7,38,mature,2012-03-19,,38,0,MPRF provided age class mature,7,38,mature,2012-03-19,,38,0,MPRF provided age class mature,,,2024-07-25,2,Moved older/higher,0,No rank change,2,Moved older/higher,22,
247,Olowalu Lefty,57,BI_K26,Lefty,HAMER,6,4,mature,2012-09-03,,4,0,HAMER biopsy-linked age class,8,35,mature,2012-09-03,,35,0,HAMER biopsy-linked age class mature,8,35,mature,2012-09-03,,35,0,HAMER biopsy-linked age class mature,,,,-2,Moved younger/lower,0,No rank change,-2,Moved younger/lower,76,
964,Curly Ray,1027,BI126,Curly,MPRF,7,1,mature,2014-09-03,,1,0,>15 years MPRF resight history,9,26,mature_and_immature,2014-09-03,1999-09-03,27,1,MPRF provided age class immature; >15 years MPRF resight history,9,26,mature_and_immature,2014-09-03,1999-09-03,27,1,MPRF provided age class immature; immature / immature anchor + 15 years mature date; >15 years MPRF resight history,,2014-09-03,2023-09-03,-2,Moved younger/lower,0,No rank change,-2,Moved younger/lower,4,
687,Lightning MP44 Cat61,1034,BI133,Lightning,MPRF,7,1,mature,2014-11-01,,1,0,>15 years MPRF resight history,9,26,mature_and_immature,2014-11-01,1999-11-01,27,1,MPRF provided age class immature; >15 years MPRF resight history,9,26,mature_and_immature,2014-11-01,1999-11-01,27,1,MPRF provided age class immature; immature / immature anchor + 15 years mature date; >15 years MPRF resight history,,2014-11-01,2023-11-01,-2,Moved younger/lower,0,No rank change,-2,Moved younger/lower,14,
703,Vicky Ray MP70 Cat50,83,,,HAMER,9,0,mature,2015-06-26,,0,0,HAMER biopsy-linked age class,11,23,mature,2015-06-26,,23,0,HAMER biopsy-linked age class mature,11,23,mature,2015-06-26,,23,0,HAMER biopsy-linked age class mature,,,2022-06-12,-2,Moved younger/lower,0,No rank change,-2,Moved younger/lower,14,
692,Koie MP63 Cat65,1001,BI100,Koie,MPRF,9,0,mature,2016-08-17,,0,0,>15 years MPRF resight history,12,22,mature,2016-08-17,,22,0,>15 years MPRF resight history,12,22,mature,2016-08-17,,22,0,>15 years MPRF resight history,,,2024-08-17,-3,Moved younger/lower,0,No rank change,-3,Moved younger/lower,18,
1192,Sugar Ray,1011,BI110,Sugar Ray,MPRF,9,0,mature,2015-08-01,,0,0,>15 years MPRF resight history,12,22,mature_and_immature,2015-08-01,2000-08-01,23,1,MPRF provided age class immature; >15 years MPRF resight history,12,22,mature_and_immature,2015-08-01,2000-08-01,23,1,MPRF provided age class immature; immature / immature anchor + 15 years mature date; >15 years MPRF resight history,,2015-08-01,2024-08-01,-3,Moved younger/lower,0,No rank change,-3,Moved younger/lower,5,
1228,Who Ray,1012,BI111,Who Ray,MPRF,9,0,mature,2017-08-01,,0,0,>15 years MPRF resight history,14,20,mature,2017-08-01,,20,0,>15 years MPRF resight history,14,20,mature,2017-08-01,,20,0,>15 years MPRF resight history,,,2024-08-01,-5,Moved younger/lower,0,No rank change,-5,Moved younger/lower,6,
953,Celestial Ray,1044,BI143,Celestial,MPRF,9,0,none,,,0,0,,15,19,mature,2018-04-05,,19,0,MPRF provided age class mature,15,19,mature,2018-04-05,,19,0,MPRF provided age class mature,,,2025-04-05,-6,Moved younger/lower,0,No rank change,-6,Moved younger/lower,50,
975,Doug,1023,BI122,Doug,MPRF,9,0,mature,2018-06-23,,0,0,>15 years MPRF resight history,16,17,mature,2018-06-23,,17,0,>15 years MPRF resight history,16,17,mature,2018-06-23,,17,0,>15 years MPRF resight history,,,2024-06-23,-7,Moved younger/lower,0,No rank change,-7,Moved younger/lower,8,
1205,Timbuktu,1020,BI119,Timbuktu,MPRF,9,0,mature,2018-10-26,,0,0,>15 years MPRF resight history,16,17,mature,2018-10-26,,17,0,>15 years MPRF resight history,16,17,mature,2018-10-26,,17,0,>15 years MPRF resight history,,,2024-10-26,-7,Moved younger/lower,0,No rank change,-7,Moved younger/lower,8,
701,Alexander MP80 Cat66,1036,BI135,Alexander,MPRF,9,0,mature,2018-10-19,,0,0,>15 years MPRF resight history,18,16,mature_and_immature,2018-10-19,2003-10-19,17,1,MPRF provided age class immature; >15 years MPRF resight history,18,16,mature_and_immature,2018-10-19,2003-10-19,17,1,MPRF provided age class pup; pup / immature anchor + 15 years mature date; >15 years MPRF resight history,2003-10-19,2018-10-19,2024-10-19,-9,Moved younger/lower,0,No rank change,-9,Moved younger/lower,7,
716,Otho D Ray MP244,85,,,HAMER,9,0,mature,2020-08-08,,0,0,HAMER biopsy-linked age class,19,6,mature,2020-08-08,,6,0,HAMER biopsy-linked age class mature,19,6,mature,2020-08-08,,6,0,HAMER biopsy-linked age class mature,,,2024-07-31,-10,Moved younger/lower,0,No rank change,-10,Moved younger/lower,40,
723,Regan Ray MP205,78,,,HAMER,9,0,mature,2020-08-09,,0,0,HAMER biopsy-linked age class,19,6,mature,2020-08-09,,6,0,HAMER biopsy-linked age class mature,19,6,mature,2020-08-09,,6,0,HAMER biopsy-linked age class mature,,,2023-11-29,-10,Moved younger/lower,0,No rank change,-10,Moved younger/lower,30,
950,Cara,1010,BI109,Cara,MPRF,9,0,mature,2020-08-05,,0,0,>15 years MPRF resight history,21,5,mature_and_immature,2020-08-05,2005-08-05,6,1,MPRF provided age class immature; >15 years MPRF resight history,21,5,mature_and_immature,2020-08-05,2005-08-05,6,1,MPRF provided age class immature; immature / immature anchor + 15 years mature date; >15 years MPRF resight history,,2020-08-05,2024-08-05,-12,Moved younger/lower,0,No rank change,-12,Moved younger/lower,11,
1055,Keniki,1061,BI160,Keniki,MPRF,9,0,mature,2021-04-09,,0,0,>15 years MPRF resight history,22,3,mature_and_immature,2021-04-09,2006-04-09,4,1,MPRF provided age class immature; >15 years MPRF resight history,22,3,mature_and_immature,2021-04-09,2006-04-09,4,1,MPRF provided age class pup; pup / immature anchor + 15 years mature date; >15 years MPRF resight history,2006-04-09,2021-04-09,2024-04-09,-13,Moved younger/lower,0,No rank change,-13,Moved younger/lower,10,
712,Akari MP218 Cat78,73,BI_K56,Akari,HAMER,9,0,none,,,0,0,,23,0,none,,,0,0,,23,0,none,,,0,0,,,,2024-03-30,-14,Moved younger/lower,0,No rank change,-14,Moved younger/lower,64,No Model 3 pairwise ordering evidence; tied by unresolved score.
728,Amanda Ray MP204,82,,,HAMER,9,0,none,,,0,0,,23,0,none,,,0,0,,23,0,none,,,0,0,,,,2024-10-22,-14,Moved younger/lower,0,No rank change,-14,Moved younger/lower,51,No Model 3 pairwise ordering evidence; tied by unresolved score.
714,Gita MP278,84,,,HAMER,9,0,none,,,0,0,,23,0,none,,,0,0,,23,0,none,,,0,0,,,,2024-06-11,-14,Moved younger/lower,0,No rank change,-14,Moved younger/lower,72,No Model 3 pairwise ordering evidence; tied by unresolved score.
711,Jana Ray MP186 Cat79,72,BI_K55,Jana Ray,HAMER,9,0,none,,,0,0,,23,0,none,,,0,0,,23,0,none,,,0,0,,,,2024-08-08,-14,Moved younger/lower,0,No rank change,-14,Moved younger/lower,47,No Model 3 pairwise ordering evidence; tied by unresolved score.
715,Jolene MP264,86,,,HAMER,9,0,none,,,0,0,,23,0,none,,,0,0,,23,0,none,,,0,0,,,,2024-05-08,-14,Moved younger/lower,0,No rank change,-14,Moved younger/lower,60,No Model 3 pairwise ordering evidence; tied by unresolved score.
709,Lee Ray MP214,74,,,HAMER,9,0,none,,,0,0,,23,0,none,,,0,0,,23,0,none,,,0,0,,,,2017-08-06,-14,Moved younger/lower,0,No rank change,-14,Moved younger/lower,74,No Model 3 pairwise ordering evidence; tied by unresolved score.
717,Obama Ray MP267,87,,,HAMER,9,0,none,,,0,0,,23,0,none,,,0,0,,23,0,none,,,0,0,,,,2023-08-16,-14,Moved younger/lower,0,No rank change,-14,Moved younger/lower,64,No Model 3 pairwise ordering evidence; tied by unresolved score.
710,Winona MP215 Cat77,71,BI_K54,Winona,HAMER,9,0,none,,,0,0,,23,0,none,,,0,0,,23,0,none,,,0,0,,,,2017-09-29,-14,Moved younger/lower,0,No rank change,-14,Moved younger/lower,74,No Model 3 pairwise ordering evidence; tied by unresolved score.
1024,Jay Ray,1026,BI125,Jay,MPRF,9,0,mature,2022-09-05,,0,0,>15 years MPRF resight history,31,-1,mature_and_immature,2022-09-05,2007-09-05,1,2,MPRF provided age class immature; >15 years MPRF resight history,31,-1,mature_and_immature,2022-09-05,2007-09-05,1,2,MPRF provided age class immature; immature / immature anchor + 15 years mature date; >15 years MPRF resight history,,2022-09-05,2024-09-05,-22,Moved younger/lower,0,No rank change,-22,Moved younger/lower,13,
697,Blain MP135 Cat70,1041,BI140,Blain,MPRF,9,0,mature,2022-12-01,,0,0,>15 years MPRF resight history,32,-2,mature_and_immature,2022-12-01,2007-12-01,0,2,MPRF provided age class immature; >15 years MPRF resight history,32,-2,mature_and_immature,2022-12-01,2007-12-01,0,2,MPRF provided age class immature; immature / immature anchor + 15 years mature date; >15 years MPRF resight history,,2022-12-01,2024-12-01,-23,Moved younger/lower,0,No rank change,-23,Moved younger/lower,30,
708,Ho Ray MP130 Cat51,1033,BI132,Ho Ray,MPRF,9,0,mature,2022-10-31,,0,0,>15 years MPRF resight history,32,-2,mature_and_immature,2022-10-31,2007-10-31,0,2,MPRF provided age class immature; >15 years MPRF resight history,32,-2,mature_and_immature,2022-10-31,2007-10-31,0,2,MPRF provided age class immature; immature / immature anchor + 15 years mature date; >15 years MPRF resight history,,2022-10-31,2023-10-31,-23,Moved younger/lower,0,No rank change,-23,Moved younger/lower,32,
949,Capt Mike,1057,BI156,Capt. Mike,MPRF,9,0,mature,2023-09-16,,0,0,>15 years MPRF resight history,34,-3,mature_and_immature,2023-09-16,2008-09-16,0,3,MPRF provided age class immature; >15 years MPRF resight history,34,-3,mature_and_immature,2023-09-16,2008-09-16,0,3,MPRF provided age class immature; immature / immature anchor + 15 years mature date; >15 years MPRF resight history,,2023-09-16,2024-09-16,-25,Moved younger/lower,0,No rank change,-25,Moved younger/lower,16,
969,Delaney,1062,BI161,Delaney,MPRF,9,0,mature,2023-08-18,,0,0,>15 years MPRF resight history,34,-3,mature_and_immature,2023-08-18,2008-08-18,0,3,MPRF provided age class immature; >15 years MPRF resight history,34,-3,mature_and_immature,2023-08-18,2008-08-18,0,3,MPRF provided age class immature; immature / immature anchor + 15 years mature date; >15 years MPRF resight history,,2023-08-18,2024-08-18,-25,Moved younger/lower,0,No rank change,-25,Moved younger/lower,21,
686,Emma MP139 Cat60,1058,BI157,Emma,MPRF,9,0,mature,2023-06-26,,0,0,>15 years MPRF resight history,34,-3,mature_and_immature,2023-06-26,2008-06-26,0,3,MPRF provided age class immature; >15 years MPRF resight history,34,-3,mature_and_immature,2023-06-26,2008-06-26,0,3,MPRF provided age class immature; immature / immature anchor + 15 years mature date; >15 years MPRF resight history,,2023-06-26,2024-06-26,-25,Moved younger/lower,0,No rank change,-25,Moved younger/lower,44,
1042,Kai-Zed,1055,BI154,Kai-Zed,MPRF,9,0,none,,,0,0,,34,-3,immature,,2010-04-12,0,3,MPRF provided age class immature,34,-3,immature,,2010-04-12,0,3,MPRF provided age class pup,2010-04-12,2025-04-12,2024-04-12,-25,Moved younger/lower,0,No rank change,-25,Moved younger/lower,19,
1080,Lisa Rae,1018,BI117,Lisa Rae,MPRF,9,0,mature,2023-10-02,,0,0,>15 years MPRF resight history,34,-3,mature_and_immature,2023-10-02,2008-10-02,0,3,MPRF provided age class immature; >15 years MPRF resight history,34,-3,mature_and_immature,2023-10-02,2008-10-02,0,3,MPRF provided age class pup; pup / immature anchor + 15 years mature date; >15 years MPRF resight history,2008-10-02,2023-10-02,2024-10-02,-25,Moved younger/lower,0,No rank change,-25,Moved younger/lower,19,
685,Melainah MP147 Cat59,75,BI_K04,Melainah,HAMER,75,-3,immature,,2010-12-12,0,3,HAMER biopsy-linked age class,39,-4,immature,,2010-12-12,0,4,HAMER biopsy-linked age class immature,39,-4,immature,,2010-12-12,0,4,HAMER biopsy-linked age class immature,,2025-12-12,2016-09-01,36,Moved older/higher,0,No rank change,36,Moved older/higher,59,
698,Not RR F Cat71,56,,,HAMER,75,-3,immature,,2010-12-12,0,3,HAMER biopsy-linked age class,39,-4,immature,,2010-12-12,0,4,HAMER biopsy-linked age class immature,39,-4,immature,,2010-12-12,0,4,HAMER biopsy-linked age class immature,,2025-12-12,2010-12-12,36,Moved older/higher,0,No rank change,36,Moved older/higher,82,
695,Tucker MP206 Cat68,79,BI_K03,Tucker,HAMER,75,-3,immature,,2010-12-12,0,3,HAMER biopsy-linked age class,39,-4,immature,,2010-12-12,0,4,HAMER biopsy-linked age class immature,39,-4,immature,,2010-12-12,0,4,HAMER biopsy-linked age class immature,,2025-12-12,2010-12-11,36,Moved older/higher,0,No rank change,36,Moved older/higher,82,
683,Vallaray MP110,55,,,HAMER,75,-3,immature,,2010-12-08,0,3,HAMER biopsy-linked age class,39,-4,immature,,2010-12-08,0,4,HAMER biopsy-linked age class immature,39,-4,immature,,2010-12-08,0,4,HAMER biopsy-linked age class immature,,2025-12-08,2024-10-21,36,Moved older/higher,0,No rank change,36,Moved older/higher,39,
1034,Jordan Ray,1009,BI108,Jordan,MPRF,9,0,none,,,0,0,,43,-6,immature,,2011-08-01,0,6,MPRF provided age class immature,43,-6,immature,,2011-08-01,0,6,MPRF provided age class pup,2011-08-01,2026-08-01,2024-08-01,-34,Moved younger/lower,0,No rank change,-34,Moved younger/lower,27,
1087,Mac Ray,1021,BI120,Mac,MPRF,9,0,none,,,0,0,,43,-6,immature,,2010-12-22,0,6,MPRF provided age class immature,43,-6,immature,,2010-12-22,0,6,MPRF provided age class pup,2010-12-22,2025-12-22,2023-12-22,-34,Moved younger/lower,0,No rank change,-34,Moved younger/lower,25,
724,Nick MP185,1004,BI103,Nick,MPRF,9,0,none,,,0,0,,43,-6,immature,,2011-07-18,0,6,MPRF provided age class immature,43,-6,immature,,2011-07-18,0,6,MPRF provided age class pup,2011-07-18,2026-07-18,2024-07-18,-34,Moved younger/lower,0,No rank change,-34,Moved younger/lower,27,
966,Darth Ray-der,1048,BI147,Darth Rayder,MPRF,9,0,none,,,0,0,,46,-7,immature,,2012-06-30,0,7,MPRF provided age class immature,46,-7,immature,,2012-06-30,0,7,MPRF provided age class pup,2012-06-30,2027-06-30,2024-06-30,-37,Moved younger/lower,0,No rank change,-37,Moved younger/lower,23,
705,Independence Ray MP184,58,BI_K27,Independence Ray,HAMER,79,-5,immature,,2012-09-03,0,5,HAMER biopsy-linked age class,46,-7,immature,,2012-09-03,0,7,HAMER biopsy-linked age class immature,46,-7,immature,,2012-09-03,0,7,HAMER biopsy-linked age class immature,,2027-09-03,2022-06-28,33,Moved older/higher,0,No rank change,33,Moved older/higher,57,
1171,Rusty Ray,1049,BI148,Rusty,MPRF,9,0,none,,,0,0,,46,-7,immature,,2012-04-13,0,7,MPRF provided age class immature,46,-7,immature,,2012-04-13,0,7,MPRF provided age class pup,2012-04-13,2027-04-13,2024-04-13,-37,Moved younger/lower,0,No rank change,-37,Moved younger/lower,23,
958,Conae Ray,1008,BI107,Conae,MPRF,9,0,none,,,0,0,,49,-8,immature,,2014-06-17,0,8,MPRF provided age class immature,49,-8,immature,,2014-06-17,0,8,MPRF provided age class immature,,2029-06-17,2022-06-17,-40,Moved younger/lower,0,No rank change,-40,Moved younger/lower,41,
684,Eli Ray MP179,60,BI_K29,Eli Ray,HAMER,80,-6,immature,,2012-09-05,0,6,HAMER biopsy-linked age class,49,-8,immature,,2012-09-05,0,8,HAMER biopsy-linked age class immature,49,-8,immature,,2012-09-05,0,8,HAMER biopsy-linked age class immature,,2027-09-05,2017-12-06,31,Moved older/higher,0,No rank change,31,Moved older/higher,60,
1056,Kenzie Ray,1015,BI114,Kenzie,MPRF,9,0,none,,,0,0,,49,-8,immature,,2014-05-25,0,8,MPRF provided age class immature,49,-8,immature,,2014-05-25,0,8,MPRF provided age class pup,2014-05-25,2029-05-25,2024-05-25,-40,Moved younger/lower,0,No rank change,-40,Moved younger/lower,44,
1067,Lady Gray,1016,BI115,Lady Gray,MPRF,9,0,none,,,0,0,,49,-8,immature,,2014-08-19,0,8,MPRF provided age class immature,49,-8,immature,,2014-08-19,0,8,MPRF provided age class pup,2014-08-19,2029-08-19,2020-08-19,-40,Moved younger/lower,0,No rank change,-40,Moved younger/lower,51,
1073,Leon Ray,1017,BI116,Leon,MPRF,9,0,none,,,0,0,,49,-8,immature,,2014-07-25,0,8,MPRF provided age class immature,49,-8,immature,,2014-07-25,0,8,MPRF provided age class pup,2014-07-25,2029-07-25,2024-07-25,-40,Moved younger/lower,0,No rank change,-40,Moved younger/lower,35,
706,Margo MP114,61,BI_K28,Margo,HAMER,80,-6,immature,,2012-09-05,0,6,HAMER biopsy-linked age class,49,-8,immature,,2012-09-05,0,8,HAMER biopsy-linked age class immature,49,-8,immature,,2012-09-05,0,8,HAMER biopsy-linked age class immature,,2027-09-05,2024-02-12,31,Moved older/higher,0,No rank change,31,Moved older/higher,38,
1136,Orion Ray,1035,BI134,Orion,MPRF,9,0,none,,,0,0,,49,-8,immature,,2012-09-21,0,8,MPRF provided age class immature,49,-8,immature,,2012-09-21,0,8,MPRF provided age class pup,2012-09-21,2027-09-21,2023-09-21,-40,Moved younger/lower,0,No rank change,-40,Moved younger/lower,25,
707,Salem MP95,62,,,HAMER,80,-6,immature,,2012-09-05,0,6,HAMER biopsy-linked age class,49,-8,immature,,2012-09-05,0,8,HAMER biopsy-linked age class immature,49,-8,immature,,2012-09-05,0,8,HAMER biopsy-linked age class immature,,2027-09-05,2019-08-05,31,Moved older/higher,0,No rank change,31,Moved older/higher,35,
719,Gaby MP233,1005,BI104,Gaby,MPRF,9,0,none,,,0,0,,57,-10,immature,,2014-12-05,0,10,MPRF provided age class immature,57,-10,immature,,2014-12-05,0,10,MPRF provided age class pup,2014-12-05,2029-12-05,2024-12-05,-48,Moved younger/lower,0,No rank change,-48,Moved younger/lower,43,
700,Mango MP138 Cat73,81,,,HAMER,83,-8,immature,,2015-06-26,0,8,HAMER biopsy-linked age class,57,-10,immature,,2015-06-26,0,10,HAMER biopsy-linked age class immature,57,-10,immature,,2015-06-26,0,10,HAMER biopsy-linked age class immature,,2030-06-26,2017-05-26,26,Moved older/higher,0,No rank change,26,Moved older/higher,33,
1115,Mighty Q,1007,BI106,Mighty Q,MPRF,9,0,none,,,0,0,,57,-10,immature,,2015-04-03,0,10,MPRF provided age class immature,57,-10,immature,,2015-04-03,0,10,MPRF provided age class pup,2015-04-03,2030-04-03,2025-04-03,-48,Moved younger/lower,0,No rank change,-48,Moved younger/lower,49,
1222,Vitor Ray,1056,BI155,Vitor,MPRF,9,0,none,,,0,0,,57,-10,immature,,2015-06-10,0,10,MPRF provided age class immature,57,-10,immature,,2015-06-10,0,10,MPRF provided age class immature,,2030-06-10,2023-06-10,-48,Moved younger/lower,0,No rank change,-48,Moved younger/lower,35,
1237,Yvet,1031,BI130,Yvet,MPRF,9,0,none,,,0,0,,61,-12,immature,,2015-10-05,0,12,MPRF provided age class immature,61,-12,immature,,2015-10-05,0,12,MPRF provided age class immature,,2030-10-05,2024-10-05,-52,Moved younger/lower,0,No rank change,-52,Moved younger/lower,33,
1085,LouLou,1025,BI124,LouLou,MPRF,9,0,none,,,0,0,,62,-13,immature,,2016-12-11,0,13,MPRF provided age class immature,62,-13,immature,,2016-12-11,0,13,MPRF provided age class immature,,2031-12-11,2024-12-11,-53,Moved younger/lower,0,No rank change,-53,Moved younger/lower,44,
1144,Pu'uwai,1050,BI149,Pu'uwai,MPRF,9,0,none,,,0,0,,62,-13,immature,,2017-07-13,0,13,MPRF provided age class immature,62,-13,immature,,2017-07-13,0,13,MPRF provided age class pup,2017-07-13,2032-07-13,2024-07-13,-53,Moved younger/lower,0,No rank change,-53,Moved younger/lower,47,
1070,Laur-Ray,1003,BI102,Laur-Ray,MPRF,9,0,none,,,0,0,,64,-14,immature,,2017-10-06,0,14,MPRF provided age class immature,64,-14,immature,,2017-10-06,0,14,MPRF provided age class pup,2017-10-06,2032-10-06,2022-10-06,-55,Moved younger/lower,0,No rank change,-55,Moved younger/lower,67,
946,Brady Ray,1042,BI141,Brady,MPRF,9,0,none,,,0,0,,65,-15,immature,,2018-04-09,0,15,MPRF provided age class immature,65,-15,immature,,2018-04-09,0,15,MPRF provided age class immature,,2033-04-09,2025-04-09,-56,Moved younger/lower,0,No rank change,-56,Moved younger/lower,53,
1146,Queenie,1014,BI113,Queenie,MPRF,9,0,none,,,0,0,,65,-15,immature,,2018-04-23,0,15,MPRF provided age class immature,65,-15,immature,,2018-04-23,0,15,MPRF provided age class pup,2018-04-23,2033-04-23,2025-04-23,-56,Moved younger/lower,0,No rank change,-56,Moved younger/lower,67,
713,Black Diamond MP288,1032,BI131,Black Diamond,MPRF,9,0,none,,,0,0,,67,-18,immature,,2019-06-26,0,18,MPRF provided age class immature,67,-18,immature,,2019-06-26,0,18,MPRF provided age class pup,2019-06-26,2034-06-26,2024-06-26,-58,Moved younger/lower,0,No rank change,-58,Moved younger/lower,57,
986,Fritz,1047,BI146,Fritz,MPRF,9,0,none,,,0,0,,67,-18,immature,,2018-11-24,0,18,MPRF provided age class immature,67,-18,immature,,2018-11-24,0,18,MPRF provided age class immature,,2033-11-24,2024-11-24,-58,Moved younger/lower,0,No rank change,-58,Moved younger/lower,55,
1062,Koen,1024,BI123,Koen,MPRF,9,0,none,,,0,0,,67,-18,immature,,2018-11-18,0,18,MPRF provided age class immature,67,-18,immature,,2018-11-18,0,18,MPRF provided age class pup,2018-11-18,2033-11-18,2024-11-18,-58,Moved younger/lower,0,No rank change,-58,Moved younger/lower,55,
1074,Leslie Ray,1039,BI138,Leslie,MPRF,9,0,none,,,0,0,,67,-18,immature,,2020-02-20,0,18,MPRF provided age class immature,67,-18,immature,,2020-02-20,0,18,MPRF provided age class pup,2020-02-20,2035-02-20,2025-02-20,-58,Moved younger/lower,0,No rank change,-58,Moved younger/lower,67,
1088,Magdala,1051,BI150,Magdala,MPRF,9,0,none,,,0,0,,67,-18,immature,,2020-03-23,0,18,MPRF provided age class immature,67,-18,immature,,2020-03-23,0,18,MPRF provided age class immature,,2035-03-23,2025-03-23,-58,Moved younger/lower,0,No rank change,-58,Moved younger/lower,67,
1099,Manta Baby,1040,BI139,Manta Baby,MPRF,9,0,none,,,0,0,,67,-18,immature,,2020-02-18,0,18,MPRF provided age class immature,67,-18,immature,,2020-02-18,0,18,MPRF provided age class pup,2020-02-18,2035-02-18,2025-02-18,-58,Moved younger/lower,0,No rank change,-58,Moved younger/lower,60,
1102,Manta Ria,1013,BI112,Manta Ria,MPRF,9,0,none,,,0,0,,67,-18,immature,,2020-04-05,0,18,MPRF provided age class immature,67,-18,immature,,2020-04-05,0,18,MPRF provided age class pup,2020-04-05,2035-04-05,2022-11-05,-58,Moved younger/lower,0,No rank change,-58,Moved younger/lower,41,
1145,Quarantina,1002,BI101,Quarantina,MPRF,9,0,none,,,0,0,,67,-18,immature,,2020-03-29,0,18,MPRF provided age class immature,67,-18,immature,,2020-03-29,0,18,MPRF provided age class pup,2020-03-29,2035-03-29,2024-03-29,-58,Moved younger/lower,0,No rank change,-58,Moved younger/lower,80,
1169,Russ,1053,BI152,Russ,MPRF,9,0,none,,,0,0,,67,-18,immature,,2019-11-12,0,18,MPRF provided age class immature,67,-18,immature,,2019-11-12,0,18,MPRF provided age class pup,2019-11-12,2034-11-12,2024-11-12,-58,Moved younger/lower,0,No rank change,-58,Moved younger/lower,60,
1181,Shea Ray,1022,BI121,Shea,MPRF,9,0,none,,,0,0,,67,-18,immature,,2020-01-03,0,18,MPRF provided age class immature,67,-18,immature,,2020-01-03,0,18,MPRF provided age class pup,2020-01-03,2035-01-03,2025-01-03,-58,Moved younger/lower,0,No rank change,-58,Moved younger/lower,67,
1218,Vegemite,1046,BI145,Vegemite,MPRF,9,0,none,,,0,0,,67,-18,immature,,2020-06-14,0,18,MPRF provided age class immature,67,-18,immature,,2020-06-14,0,18,MPRF provided age class immature,,2035-06-14,2020-12-14,-58,Moved younger/lower,0,No rank change,-58,Moved younger/lower,53,
991,Georgia,1060,BI159,Georgia,MPRF,9,0,none,,,0,0,,78,-21,immature,,2021-01-05,0,21,MPRF provided age class immature,78,-21,immature,,2021-01-05,0,21,MPRF provided age class pup,2021-01-05,2036-01-05,2025-01-05,-69,Moved younger/lower,0,No rank change,-69,Moved younger/lower,72,
1175,Sandy,1043,BI142,Sandy,MPRF,9,0,none,,,0,0,,78,-21,immature,,2020-09-12,0,21,MPRF provided age class immature,78,-21,immature,,2020-09-12,0,21,MPRF provided age class pup,2020-09-12,2035-09-12,2024-09-12,-69,Moved younger/lower,0,No rank change,-69,Moved younger/lower,64,
943,Bob Smith,1052,BI151,Bob Smith,MPRF,9,0,none,,,0,0,,80,-22,immature,,2022-06-13,0,22,MPRF provided age class immature,80,-22,immature,,2022-06-13,0,22,MPRF provided age class pup,2022-06-13,2037-06-13,2024-06-13,-71,Moved younger/lower,0,No rank change,-71,Moved younger/lower,80,
956,Chloe,1029,BI128,Chloe,MPRF,9,0,none,,,0,0,,80,-22,immature,,2021-09-12,0,22,MPRF provided age class immature,80,-22,immature,,2021-09-12,0,22,MPRF provided age class pup,2021-09-12,2036-09-12,2024-09-09,-71,Moved younger/lower,0,No rank change,-71,Moved younger/lower,79,
1043,Kamala,1045,BI144,Kamala,MPRF,9,0,none,,,0,0,,80,-22,immature,,2021-11-23,0,22,MPRF provided age class immature,80,-22,immature,,2021-11-23,0,22,MPRF provided age class pup,2021-11-23,2036-11-23,2024-11-23,-71,Moved younger/lower,0,No rank change,-71,Moved younger/lower,76,
1109,McBoom,1054,BI153,McBoom,MPRF,9,0,none,,,0,0,,83,-23,immature,,2022-09-25,0,23,MPRF provided age class immature,83,-23,immature,,2022-09-25,0,23,MPRF provided age class pup,2022-09-25,2037-09-25,2024-09-25,-74,Moved younger/lower,0,No rank change,-74,Moved younger/lower,78,
